INSERT INTO CLIENT (NUMCLIENT, NOMCLIENT, PRENOMCLIENT, CIVILITECLIENT, CAPITALFIDELITECLIENT, TELEPHONEFIXECLIENT, TELEPHONEPORTABLECLIENT, DATENAISSANCECLIENT, EMAILCLIENT, OFFRESCOURRIERCLIENT, OFFRESPARTENAIRESCLIENT)
VALUES ('000100', 'AZTAKES', 'Helene', 'F', 45.0, '0600000000', '', to_date('', 'DD/MM/RR'), '', 1.0, 1.0);
 
INSERT INTO CLIENT (NUMCLIENT, NOMCLIENT, PRENOMCLIENT, CIVILITECLIENT, CAPITALFIDELITECLIENT, TELEPHONEFIXECLIENT, TELEPHONEPORTABLECLIENT, DATENAISSANCECLIENT, EMAILCLIENT, OFFRESCOURRIERCLIENT, OFFRESPARTENAIRESCLIENT)
VALUES ('000200', 'ASSEIN', 'Marc', 'H', 105.0, '0600000006', '', to_date('01/12/2001', 'DD/MM/RR'), 'marc@orange.fr', 1.0, 1.0);
 
INSERT INTO CLIENT (NUMCLIENT, NOMCLIENT, PRENOMCLIENT, CIVILITECLIENT, CAPITALFIDELITECLIENT, TELEPHONEFIXECLIENT, TELEPHONEPORTABLECLIENT, DATENAISSANCECLIENT, EMAILCLIENT, OFFRESCOURRIERCLIENT, OFFRESPARTENAIRESCLIENT)
VALUES ('000300', 'TERRIEUR', 'Alex', 'F', 10.0, '0500000000', '0600000000', to_date('', 'DD/MM/RR'), '', 1.0, 1.0);
 
 
INSERT INTO ADRESSE (IDADRESSE, VILLEADRESSE, CODEPOSTALADRESSE, NUMERODEVOIEADRESSE, TYPEDEVOIEADRESSE, NOMDEVOIEADRESSE)
VALUES (1.0, 'Toulouse', '31000', 0, 'Avenue', 'Av de Rangueil');
 
INSERT INTO ADRESSE (IDADRESSE, VILLEADRESSE, CODEPOSTALADRESSE, NUMERODEVOIEADRESSE, TYPEDEVOIEADRESSE, NOMDEVOIEADRESSE)
VALUES (2.0, 'Toulouse', '31000', 0, 'Rue', 'Rue du chene');
 
INSERT INTO ADRESSE (IDADRESSE, VILLEADRESSE, CODEPOSTALADRESSE, NUMERODEVOIEADRESSE, TYPEDEVOIEADRESSE, NOMDEVOIEADRESSE)
VALUES (3.0, 'Albi', '81000', 0, 'Rue', 'Rue de la caille');
 
INSERT INTO ADRESSE (IDADRESSE, VILLEADRESSE, CODEPOSTALADRESSE, NUMERODEVOIEADRESSE, TYPEDEVOIEADRESSE, NOMDEVOIEADRESSE)
VALUES (51.0, 'Puylaurens', '81700', 0, 'Avenue', 'Avenue de Revel');
 
INSERT INTO ADRESSE (IDADRESSE, VILLEADRESSE, CODEPOSTALADRESSE, NUMERODEVOIEADRESSE, TYPEDEVOIEADRESSE, NOMDEVOIEADRESSE)
VALUES (52.0, 'Vielmur sur Agout', '81570', 2.0, 'Route', 'Route de Lautrec');
 
 
INSERT INTO POINTRELAIS (IDADRESSE, IDPOINTRELAIS, NOMPOINTRELAIS)
VALUES (51.0, 52035, 'Intermache Contact');
 
INSERT INTO POINTRELAIS (IDADRESSE, IDPOINTRELAIS, NOMPOINTRELAIS)
VALUES (52.0, 40614, 'Tabac Presse');
 
 
INSERT INTO LIVRAISON (FRAISLIVRAISON, MODELIVRAISON)
VALUES (6.99, 'RE');
 
INSERT INTO LIVRAISON (FRAISLIVRAISON, MODELIVRAISON)
VALUES (8.99, 'RA');
 
INSERT INTO LIVRAISON (FRAISLIVRAISON, MODELIVRAISON)
VALUES (16.89, 'EX');
 
 
INSERT INTO PAIEMENT (IDPAIEMENT, PAIEMENTCOMPLET)
VALUES (1.0, 1.0);
 
INSERT INTO PAIEMENT (IDPAIEMENT, PAIEMENTCOMPLET)
VALUES (2.0, 1.0);
 
INSERT INTO PAIEMENT (IDPAIEMENT, PAIEMENTCOMPLET)
VALUES (3.0, 1.0);
 
INSERT INTO PAIEMENT (IDPAIEMENT, PAIEMENTCOMPLET)
VALUES (4.0, 1.0);
 
 
INSERT INTO COMMANDE (NUMEROCOMMANDE, DATECOMMANDE, IDADRESSE, MODELIVRAISON, IDPAIEMENT, NUMCLIENT) VALUES (2.5334021E7,to_date('', 'YY-MON-DD'),1.0,'RA',1.0,'000100');
 
INSERT INTO COMMANDE (NUMEROCOMMANDE, DATECOMMANDE, IDADRESSE, MODELIVRAISON, IDPAIEMENT, NUMCLIENT) VALUES (2.5334022E7,to_date('', 'YY-MON-DD'),51.0,'RE',2.0,'000200');
 
INSERT INTO COMMANDE (NUMEROCOMMANDE, DATECOMMANDE, IDADRESSE, MODELIVRAISON, IDPAIEMENT, NUMCLIENT) VALUES (2.5334023E7,to_date('', 'YY-MON-DD'),3.0,'EX',3.0,'000300');
 
INSERT INTO COMMANDE (NUMEROCOMMANDE, DATECOMMANDE, IDADRESSE, MODELIVRAISON, IDPAIEMENT, NUMCLIENT) VALUES (2.5334024E7,to_date('', 'YY-MON-DD'),51.0,'RE',4.0,'000200');
 
 
INSERT INTO PRODUIT (REFERENCEPRODUIT, NUMEROPAGEPRODUIT, DESCRIPTIONPRODUIT, PRIXPRODUIT, POIDSPRODUIT)
VALUES (471147.0, null, 'Linge de lit chalet drap 240x300', 14.95, null);
 
INSERT INTO PRODUIT (REFERENCEPRODUIT, NUMEROPAGEPRODUIT, DESCRIPTIONPRODUIT, PRIXPRODUIT, POIDSPRODUIT)
VALUES (471159.0, null, 'Linge de lit chalet Drap Housse', 17.45, null);
 
INSERT INTO PRODUIT (REFERENCEPRODUIT, NUMEROPAGEPRODUIT, DESCRIPTIONPRODUIT, PRIXPRODUIT, POIDSPRODUIT)
VALUES (471162.0, null, 'Linge de lit chalet Taie Traversin', 11.45, null);
 
INSERT INTO PRODUIT (REFERENCEPRODUIT, NUMEROPAGEPRODUIT, DESCRIPTIONPRODUIT, PRIXPRODUIT, POIDSPRODUIT)
VALUES (905968.0, null, 'Drap de bain 100x150 gris perle', 24.67, null);
 
INSERT INTO PRODUIT (REFERENCEPRODUIT, NUMEROPAGEPRODUIT, DESCRIPTIONPRODUIT, PRIXPRODUIT, POIDSPRODUIT)
VALUES (905784.0, null, 'Tapis de bain 60x100 gris perle', 17.17, null);
 
INSERT INTO PRODUIT (REFERENCEPRODUIT, NUMEROPAGEPRODUIT, DESCRIPTIONPRODUIT, PRIXPRODUIT, POIDSPRODUIT)
VALUES (950728.0, null, 'Couette Dodo 240 * 220', 129.90, null);
 
INSERT INTO PRODUIT (REFERENCEPRODUIT, NUMEROPAGEPRODUIT, DESCRIPTIONPRODUIT, PRIXPRODUIT, POIDSPRODUIT)
VALUES (950614.0, null, 'Oreiller ergonomique 60 * 60', 29.90, null);
 
 
INSERT INTO REDUCTION (MONTANTREDUCTION, MINIMUMACHATREDUCTION)
VALUES (15.0, 59.0);
 
INSERT INTO REDUCTION (MONTANTREDUCTION, MINIMUMACHATREDUCTION)
VALUES (30.0, 99.0);
 
INSERT INTO REDUCTION (MONTANTREDUCTION, MINIMUMACHATREDUCTION)
VALUES (50.0, 149.0);
 
INSERT INTO REDUCTION (MONTANTREDUCTION, MINIMUMACHATREDUCTION)
VALUES (65.0, 199.0);
 
INSERT INTO REDUCTION (MONTANTREDUCTION, MINIMUMACHATREDUCTION)
VALUES (100.0, 299.0);
 
 
INSERT INTO HABITER (NUMCLIENT, IDADRESSE)
VALUES ('000100', 1.0);
 
INSERT INTO HABITER (NUMCLIENT, IDADRESSE)
VALUES ('000200', 2.0);
 
INSERT INTO HABITER (NUMCLIENT, IDADRESSE)
VALUES ('000300', 3.0);
 
 
INSERT INTO CONTENIR (NUMEROCOMMANDE, REFERENCEPRODUIT, QUANTITEPRODUIT)
VALUES (25334021, 471147.0, 1.0);
 
INSERT INTO CONTENIR (NUMEROCOMMANDE, REFERENCEPRODUIT, QUANTITEPRODUIT)
VALUES (25334021, 471159.0, 1.0);
 
INSERT INTO CONTENIR (NUMEROCOMMANDE, REFERENCEPRODUIT, QUANTITEPRODUIT)
VALUES (25334021, 471162.0, 1.0);
 
INSERT INTO CONTENIR (NUMEROCOMMANDE, REFERENCEPRODUIT, QUANTITEPRODUIT)
VALUES (25334022, 905968.0, 3.0);
 
INSERT INTO CONTENIR (NUMEROCOMMANDE, REFERENCEPRODUIT, QUANTITEPRODUIT)
VALUES (25334022, 905784.0, 1.0);
 
INSERT INTO CONTENIR (NUMEROCOMMANDE, REFERENCEPRODUIT, QUANTITEPRODUIT)
VALUES (25334023, 950728.0, 1.0);
 
INSERT INTO CONTENIR (NUMEROCOMMANDE, REFERENCEPRODUIT, QUANTITEPRODUIT)
VALUES (25334023, 950614.0, 2.0);
 
INSERT INTO CONTENIR (NUMEROCOMMANDE, REFERENCEPRODUIT, QUANTITEPRODUIT)
VALUES (25334024, 950728.0, 3.0);
 
 
INSERT INTO ECONOMISER (NUMEROCOMMANDE, MONTANTREDUCTION)
VALUES (25334022, 15.0);
 
INSERT INTO ECONOMISER (NUMEROCOMMANDE, MONTANTREDUCTION)
VALUES (25334024, 100.0);
 
INSERT INTO ECONOMISER (NUMEROCOMMANDE, MONTANTREDUCTION)
VALUES (25334023, 50.0);
 
 
INSERT INTO CHEQUE (IDPAIEMENT)
VALUES (1.0);
 
INSERT INTO CHEQUE (IDPAIEMENT)
VALUES (3.0);
 
INSERT INTO CHEQUE (IDPAIEMENT)
VALUES (4.0);
 
 
INSERT INTO CARTEBANCAIRE (IDPAIEMENT, NUMEROCB, CRYPTOGRAMMECB, EXPIRATIONCB, NOMCB)
VALUES (2.0, '0001000100010001', '001', '0124', 'Assein');